Data/Hora, TI, TE, TR, Intensidade
20/03/2021 17:16:42, 58.523438, 27.669991, 79.000000, 100.000000
